id,first_name,last_name,email,gender,ip_address
1,Siward,Camacho,scamacho0@opera.com,Male,153.20.144.234
2,Evyn,Eamer,eeamer1@harvard.edu,Male,131.2.110.225
3,Garnet,Manifold,gmanifold2@friendfeed.com,Female,10.192.175.144
4,Rickey,Mushart,rmushart3@marriott.com,Male,51.10.214.152
5,Cosmo,Ianniello,cianniello4@spiegel.de,Male,194.253.204.201
6,Jennie,Kernoghan,jkernoghan5@prweb.com,Female,211.225.230.88
7,Ortensia,Grinishin,ogrinishin6@latimes.com,Female,214.171.236.3
8,Marielle,Stow,mstow7@weebly.com,Female,45.47.203.251
9,Sheff,Perello,sperello8@sphinn.com,Male,180.15.204.182
10,Heather,Grasner,hgrasner9@ezinearticles.com,Female,206.10.43.92
11,Obadias,Moorhouse,omoorhousea@sphinn.com,Male,88.5.194.177
12,Isaak,Somerscales,isomerscalesb@state.gov,Male,154.253.85.253
13,Mal,Collinge,mcollingec@trellian.com,Male,25.15.231.227
14,Mora,Coplestone,mcoplestoned@google.com.au,Female,254.126.3.219
15,Kasper,Baggiani,kbaggianie@lulu.com,Male,122.71.190.225
16,Dorisa,Knight,dknightf@msn.com,Female,58.207.67.80
17,Leanora,Brampton,lbramptong@stumbleupon.com,Female,95.142.245.83
18,Barret,Klich,bklichh@discuz.net,Male,201.246.45.28
19,Redford,Dodle,rdodlei@princeton.edu,Male,190.8.17.130
20,Tatiana,Aldwich,taldwichj@nbcnews.com,Female,95.172.151.16
21,Ole,Delph,odelphk@shareasale.com,Male,104.11.157.5
22,Keven,Ormond,kormondl@ox.ac.uk,Male,125.126.4.204
23,Colby,Sykora,csykoram@va.gov,Male,128.14.176.178
24,Morse,Devers,mdeversn@engadget.com,Male,138.225.111.212
25,Anabella,Elwood,aelwoodo@yandex.ru,Female,1.253.89.60
26,Marita,Fernanando,mfernanandop@pagesperso-orange.fr,Female,30.7.125.125
27,Nathalia,Cicutto,ncicuttoq@dyndns.org,Female,235.93.163.160
28,Porter,Thresh,pthreshr@rakuten.co.jp,Male,216.149.66.184
29,Dannel,Beamand,dbeamands@biblegateway.com,Male,126.123.87.110
30,Ced,Carding,ccardingt@epa.gov,Male,130.124.154.201
31,Gabriell,McGlaud,gmcglaudu@unc.edu,Female,79.108.46.222
32,Tilda,Swaite,tswaitev@domainmarket.com,Female,177.9.42.212
33,Torrey,Vedeneev,tvedeneevw@yale.edu,Male,11.183.217.174
34,Goober,Delahunt,gdelahuntx@columbia.edu,Male,203.37.191.116
35,Kayle,Dearan,kdearany@macromedia.com,Female,191.136.236.248
36,Annis,Blodgetts,ablodgettsz@irs.gov,Female,65.223.52.146
37,Robinet,Dufaur,rdufaur10@woothemes.com,Female,71.95.225.95
38,Leland,Beernaert,lbeernaert11@state.gov,Male,64.133.61.125
39,Mohammed,Macoun,mmacoun12@barnesandnoble.com,Male,216.191.97.76
40,Jesse,Scroggins,jscroggins13@storify.com,Female,138.220.214.158
41,Ravid,Gorman,rgorman14@yahoo.co.jp,Male,229.157.188.171
42,Benjy,Poizer,bpoizer15@pinterest.com,Male,199.234.143.214
43,Lizzy,Risley,lrisley16@amazon.com,Female,110.37.205.31
44,Fayina,Ansley,fansley17@pbs.org,Female,40.174.211.20
45,Raynard,Howles,rhowles18@msu.edu,Male,123.164.182.154
46,Maia,Arendt,marendt19@seattletimes.com,Female,234.77.164.220
47,Jenny,Hegdonne,jhegdonne1a@scribd.com,Female,189.181.20.147
48,Amara,Verty,averty1b@trellian.com,Female,170.73.19.218
49,Adrea,Cumes,acumes1c@latimes.com,Female,18.64.195.119
50,Philip,Towner,ptowner1d@1688.com,Male,101.46.33.228
51,Melony,Inch,minch1e@abc.net.au,Female,205.10.47.252
52,Matty,Gong,mgong1f@chicagotribune.com,Male,207.153.181.57
53,Delcine,Gallety,dgallety1g@ihg.com,Female,106.118.119.85
54,Benito,Blenkin,bblenkin1h@amazon.co.uk,Male,25.241.0.80
55,Alecia,Eayres,aeayres1i@joomla.org,Female,213.84.241.107
56,Ailsun,Kighly,akighly1j@indiatimes.com,Female,161.255.56.249
57,Rich,Vockins,rvockins1k@mozilla.com,Male,165.120.53.202
58,Karie,Ellens,kellens1l@umn.edu,Female,126.22.118.36
59,Tiebold,Uccelli,tuccelli1m@unesco.org,Male,36.70.0.129
60,Leonanie,Meigh,lmeigh1n@examiner.com,Female,178.247.14.227
61,Avictor,Isakovitch,aisakovitch1o@whitehouse.gov,Male,19.228.47.235
62,Curran,Gorring,cgorring1p@latimes.com,Male,75.179.130.7
63,Shep,Masdin,smasdin1q@microsoft.com,Male,56.253.44.138
64,Carr,Sherlaw,csherlaw1r@hubpages.com,Male,99.96.179.33
65,Missie,Thunderman,mthunderman1s@oracle.com,Female,25.167.143.84
66,Nickie,Barnfather,nbarnfather1t@cargocollective.com,Female,172.19.209.124
67,Lisbeth,Dunley,ldunley1u@furl.net,Female,52.151.224.78
68,Deina,Phebee,dphebee1v@nifty.com,Female,218.16.199.37
69,Tamra,Brind,tbrind1w@storify.com,Female,100.153.122.179
70,Jerrylee,Godbald,jgodbald1x@last.fm,Female,32.208.218.4
71,Courtney,Wadelin,cwadelin1y@toplist.cz,Female,204.92.88.190
72,Melly,Hawsby,mhawsby1z@chronoengine.com,Female,42.113.84.158
73,Marshal,Manueli,mmanueli20@mac.com,Male,246.210.199.38
74,Johanna,Harroll,jharroll21@timesonline.co.uk,Female,179.9.222.240
75,Aveline,Mulqueen,amulqueen22@shutterfly.com,Female,134.116.73.18
76,Nerty,Dumbrall,ndumbrall23@mlb.com,Female,45.48.4.7
77,Rey,Blackshaw,rblackshaw24@ning.com,Male,164.102.158.104
78,Gan,Woolager,gwoolager25@dailymail.co.uk,Male,154.151.37.190
79,Baryram,Lawson,blawson26@cam.ac.uk,Male,35.115.135.120
80,Dorolisa,Krysztofiak,dkrysztofiak27@irs.gov,Female,48.240.133.76
81,Cort,Sighart,csighart28@java.com,Male,100.156.55.78
82,Nathaniel,Bransgrove,nbransgrove29@wikia.com,Male,27.16.11.71
83,Gerald,Larby,glarby2a@washington.edu,Male,181.92.222.18
84,Guido,Stebbings,gstebbings2b@usnews.com,Male,188.162.151.188
85,Steffane,Cridlon,scridlon2c@gizmodo.com,Female,121.24.251.238
86,Nerti,Cowling,ncowling2d@newsvine.com,Female,202.177.38.133
87,Grayce,Lurcock,glurcock2e@hp.com,Female,241.126.48.166
88,Ashlen,Bonnyson,abonnyson2f@toplist.cz,Female,110.46.107.46
89,Kendell,Frontczak,kfrontczak2g@nasa.gov,Male,44.113.183.102
90,Austin,Swindley,aswindley2h@reference.com,Female,94.135.141.126
91,Jaquith,Di Carlo,jdicarlo2i@umich.edu,Female,87.182.64.132
92,Mitch,Purple,mpurple2j@ameblo.jp,Male,157.224.177.54
93,Heather,Polendine,hpolendine2k@reddit.com,Female,218.109.197.218
94,Melantha,Wass,mwass2l@yelp.com,Female,144.97.99.194
95,Linet,Musgrave,lmusgrave2m@wsj.com,Female,130.123.196.128
96,Lanny,Lanbertoni,llanbertoni2n@123-reg.co.uk,Male,177.84.236.44
97,Penrod,Strute,pstrute2o@nhs.uk,Male,86.228.201.21
98,Gunilla,Seabrocke,gseabrocke2p@whitehouse.gov,Female,219.145.91.55
99,Pris,Szimoni,pszimoni2q@cbsnews.com,Female,214.225.210.215
100,Martin,Hadley,mhadley2r@marketwatch.com,Male,196.198.103.215
101,Tab,Fatscher,tfatscher2s@delicious.com,Male,230.248.127.82
102,Isaiah,Cornuau,icornuau2t@whitehouse.gov,Male,12.131.180.17
103,Hadley,Jurasek,hjurasek2u@purevolume.com,Male,20.12.197.81
104,Herminia,McCurry,hmccurry2v@nbcnews.com,Female,184.84.177.244
105,Daria,Pristnor,dpristnor2w@flavors.me,Female,171.145.120.13
106,Davin,Greenalf,dgreenalf2x@ustream.tv,Male,99.101.104.120
107,Meagan,Gerler,mgerler2y@google.ru,Female,223.151.229.190
108,Hobart,Winham,hwinham2z@fema.gov,Male,44.27.67.222
109,Ruggiero,Charsley,rcharsley30@reverbnation.com,Male,182.37.123.26
110,Maureene,Ewenson,mewenson31@sbwire.com,Female,3.232.59.194
111,Nappie,Beebee,nbeebee32@youku.com,Male,254.1.15.54
112,Bert,Witterick,bwitterick33@qq.com,Female,137.224.145.123
113,Tobye,Bonnet,tbonnet34@smh.com.au,Female,126.101.236.110
114,Shandy,Hasser,shasser35@nymag.com,Female,15.42.91.155
115,Teddi,Mansion,tmansion36@booking.com,Female,80.100.84.127
116,Forrester,Osbiston,fosbiston37@skype.com,Male,170.79.61.71
117,Geno,Shankland,gshankland38@gizmodo.com,Male,81.5.92.198
118,Nikola,Casier,ncasier39@mediafire.com,Male,130.226.207.218
119,Codi,Johannes,cjohannes3a@printfriendly.com,Male,182.107.194.182
120,Blinni,Bletsor,bbletsor3b@loc.gov,Female,46.186.42.36
121,Bryon,Thick,bthick3c@reverbnation.com,Male,151.52.238.166
122,Samson,Boam,sboam3d@fastcompany.com,Male,159.99.42.2
123,Modesta,Berryman,mberryman3e@goodreads.com,Female,167.148.208.24
124,Kenn,Ginger,kginger3f@exblog.jp,Male,127.138.90.119
125,Edythe,Kelbie,ekelbie3g@dailymail.co.uk,Female,216.183.111.150
126,Forrester,Hunston,fhunston3h@feedburner.com,Male,27.165.223.9
127,Charin,Dorow,cdorow3i@bloglovin.com,Female,79.159.125.40
128,Gun,Hebble,ghebble3j@tinyurl.com,Male,244.156.253.144
129,Colver,Bartzen,cbartzen3k@geocities.com,Male,193.70.5.243
130,Max,Coxhell,mcoxhell3l@ehow.com,Male,223.244.70.184
131,Harry,Whittet,hwhittet3m@zimbio.com,Male,71.92.232.32
132,Man,Matthisson,mmatthisson3n@disqus.com,Male,41.177.82.22
133,Ambrosio,Britney,abritney3o@cloudflare.com,Male,241.205.96.81
134,Bertram,Tidcomb,btidcomb3p@amazon.co.uk,Male,5.226.57.135
135,Gerta,Duffell,gduffell3q@sfgate.com,Female,136.149.55.215
136,Prentiss,Keough,pkeough3r@wikia.com,Male,225.101.87.28
137,Ede,Connikie,econnikie3s@telegraph.co.uk,Female,59.97.220.193
138,Annis,Quoit,aquoit3t@discuz.net,Female,185.107.128.5
139,Kariotta,Garwell,kgarwell3u@facebook.com,Female,147.96.151.135
140,Cornie,McKinnell,cmckinnell3v@marketwatch.com,Male,114.48.70.229
141,Jo-ann,Paike,jpaike3w@about.me,Female,172.65.136.243
142,Cchaddie,MacKnocker,cmacknocker3x@freewebs.com,Male,140.134.121.106
143,Cullan,Frankiss,cfrankiss3y@ustream.tv,Male,9.200.157.63
144,Lanie,Vine,lvine3z@miibeian.gov.cn,Male,150.38.14.42
145,Nikoletta,Philipsen,nphilipsen40@spotify.com,Female,3.161.56.165
146,Tedman,Clout,tclout41@themeforest.net,Male,248.170.172.255
147,Redd,MacCosto,rmaccosto42@jugem.jp,Male,25.110.188.255
148,Siouxie,Bendle,sbendle43@discuz.net,Female,217.100.16.73
149,Oates,Narducci,onarducci44@deviantart.com,Male,153.183.84.24
150,Darice,Beddows,dbeddows45@joomla.org,Female,184.41.234.88
151,Elisa,Heinz,eheinz46@craigslist.org,Female,34.120.184.173
152,Nikos,Brandsen,nbrandsen47@reference.com,Male,85.173.184.175
153,Jard,Andino,jandino48@wiley.com,Male,139.41.74.150
154,Gibbie,Geratt,ggeratt49@tumblr.com,Male,220.100.194.10
155,Dalt,Blasli,dblasli4a@themeforest.net,Male,29.42.33.182
156,Hadlee,Kynforth,hkynforth4b@weather.com,Male,10.233.76.136
157,Tierney,Tiron,ttiron4c@so-net.ne.jp,Female,250.72.71.233
158,Teddi,Nockells,tnockells4d@booking.com,Female,85.26.96.246
159,Antonella,Ebbrell,aebbrell4e@java.com,Female,6.149.14.217
160,Ronnie,Edess,redess4f@hud.gov,Female,153.173.35.105
161,Alina,Skippings,askippings4g@netvibes.com,Female,168.25.115.225
162,Venita,Shwenn,vshwenn4h@squidoo.com,Female,235.243.89.212
163,Tabby,Smorfit,tsmorfit4i@surveymonkey.com,Male,202.181.65.78
164,Gaylord,Eyrl,geyrl4j@surveymonkey.com,Male,123.62.165.252
165,Therese,Branson,tbranson4k@dyndns.org,Female,233.177.32.191
166,Fania,Witherow,fwitherow4l@free.fr,Female,155.163.163.152
167,Sondra,Hanford,shanford4m@csmonitor.com,Female,71.179.150.52
168,Aidan,Popplestone,apopplestone4n@independent.co.uk,Female,185.223.49.20
169,Isabelle,Spondley,ispondley4o@altervista.org,Female,52.195.171.54
170,Katti,Wolstencroft,kwolstencroft4p@free.fr,Female,137.101.224.25
171,Kassia,Cudbertson,kcudbertson4q@feedburner.com,Female,211.4.25.78
172,Tanya,Butterworth,tbutterworth4r@mayoclinic.com,Female,249.182.245.167
173,Rebecka,Charlick,rcharlick4s@youtu.be,Female,4.197.200.246
174,Toinette,Santer,tsanter4t@wix.com,Female,13.61.88.139
175,Heddie,Jorissen,hjorissen4u@dagondesign.com,Female,154.217.187.39
176,Julianna,Brotheridge,jbrotheridge4v@cdbaby.com,Female,127.248.156.60
177,Daryle,De Brett,ddebrett4w@businesswire.com,Male,77.52.215.234
178,Amie,Kynton,akynton4x@altervista.org,Female,7.105.119.134
179,Hill,Wharfe,hwharfe4y@canalblog.com,Male,65.238.158.145
180,Trever,Rosbottom,trosbottom4z@cbsnews.com,Male,228.198.105.199
181,Trstram,Klaassens,tklaassens50@typepad.com,Male,33.174.29.224
182,Fidela,Zuanelli,fzuanelli51@hostgator.com,Female,154.26.234.63
183,Averyl,Allaway,aallaway52@nymag.com,Female,246.156.219.20
184,Kaycee,Geggus,kgeggus53@skype.com,Female,12.171.71.235
185,Carree,Cameli,ccameli54@ifeng.com,Female,20.183.158.12
186,Binny,Camsey,bcamsey55@tamu.edu,Female,87.99.215.241
187,Russell,Crispe,rcrispe56@elpais.com,Male,106.168.204.189
188,Erasmus,Napier,enapier57@ow.ly,Male,52.136.217.238
189,Gabriela,Coen,gcoen58@redcross.org,Female,184.205.139.120
190,Miguel,Grundey,mgrundey59@angelfire.com,Male,49.205.106.96
191,Boonie,Manuaud,bmanuaud5a@newyorker.com,Male,234.197.241.25
192,Ettie,Bertolaccini,ebertolaccini5b@yahoo.co.jp,Female,6.28.224.76
193,Justine,O'Connolly,joconnolly5c@nhs.uk,Female,156.98.130.125
194,Kiri,Kidney,kkidney5d@scribd.com,Female,132.74.177.47
195,Gilberte,Engeham,gengeham5e@lycos.com,Female,208.30.144.182
196,Pattin,Hindrich,phindrich5f@tumblr.com,Male,160.42.114.188
197,Merrill,Heggadon,mheggadon5g@mozilla.org,Male,245.253.179.174
198,Lian,Naisbitt,lnaisbitt5h@ezinearticles.com,Female,47.38.74.161
199,Cornie,Sheepy,csheepy5i@deliciousdays.com,Female,104.194.70.47
200,Asia,Preddle,apreddle5j@drupal.org,Female,60.138.86.80
201,Clyve,Bortolini,cbortolini5k@amazon.co.uk,Male,234.112.106.65
202,Jamey,Jory,jjory5l@nydailynews.com,Male,253.80.27.30
203,Allsun,Dangl,adangl5m@theglobeandmail.com,Female,48.249.250.133
204,Kandy,Pechold,kpechold5n@ehow.com,Female,29.68.248.246
205,Katina,Gebbie,kgebbie5o@umich.edu,Female,13.235.140.168
206,Forrest,Kidman,fkidman5p@springer.com,Male,199.121.128.107
207,Felix,Bratty,fbratty5q@imageshack.us,Male,215.142.54.162
208,Bevan,Creamer,bcreamer5r@nationalgeographic.com,Male,253.49.178.48
209,Cosette,Scougall,cscougall5s@e-recht24.de,Female,203.116.234.240
210,Alleyn,Knight,aknight5t@smh.com.au,Male,77.150.203.44
211,Lonna,Klyner,lklyner5u@example.com,Female,163.56.202.126
212,Hanan,Townsend,htownsend5v@moonfruit.com,Male,109.0.113.14
213,Lancelot,Pavek,lpavek5w@pinterest.com,Male,107.238.134.94
214,Harald,Sinderson,hsinderson5x@wikimedia.org,Male,62.127.72.210
215,Baryram,Rangall,brangall5y@eepurl.com,Male,13.68.36.69
216,Marcella,Renvoise,mrenvoise5z@bloglovin.com,Female,39.252.55.34
217,Brady,Mardall,bmardall60@businesswire.com,Male,229.147.209.36
218,Dacie,Ventham,dventham61@tmall.com,Female,237.135.79.32
219,Anastasia,Page,apage62@wsj.com,Female,52.176.29.210
220,Giorgi,Joubert,gjoubert63@macromedia.com,Male,108.27.81.211
221,Bryan,Ravenscroftt,bravenscroftt64@illinois.edu,Male,237.205.28.140
222,Thoma,Hayer,thayer65@ehow.com,Male,91.213.176.14
223,Maryjane,Connar,mconnar66@altervista.org,Female,54.158.56.98
224,Arlyn,Balassi,abalassi67@woothemes.com,Female,111.234.124.95
225,Jonie,Smalcombe,jsmalcombe68@earthlink.net,Female,74.141.34.121
226,Baryram,Newiss,bnewiss69@gnu.org,Male,124.33.147.154
227,Selig,Gawne,sgawne6a@webs.com,Male,93.157.0.23
228,Ive,Bawcock,ibawcock6b@amazon.de,Male,28.245.128.165
229,Tamqrah,Wooler,twooler6c@xing.com,Female,115.2.99.149
230,Rickie,Georgeon,rgeorgeon6d@disqus.com,Male,52.176.1.82
231,Ash,Stickins,astickins6e@fotki.com,Male,142.146.215.249
232,Dalt,Meagher,dmeagher6f@fda.gov,Male,239.238.122.223
233,Charity,Bortolotti,cbortolotti6g@apache.org,Female,204.223.249.132
234,Ilise,Wolters,iwolters6h@goo.gl,Female,7.200.52.91
235,Inna,Hazelby,ihazelby6i@google.de,Female,98.188.109.184
236,Ossie,Aylmore,oaylmore6j@123-reg.co.uk,Male,215.152.83.152
237,Auria,Budnik,abudnik6k@vk.com,Female,246.217.56.46
238,Orran,Ellick,oellick6l@zdnet.com,Male,235.28.186.177
239,Alvin,Bonnell,abonnell6m@rakuten.co.jp,Male,243.58.130.65
240,Sula,Kinahan,skinahan6n@oracle.com,Female,56.179.249.225
241,Janina,Fontell,jfontell6o@symantec.com,Female,194.2.15.243
242,Raye,Downage,rdownage6p@intel.com,Female,245.77.242.147
243,Finley,Kopisch,fkopisch6q@uiuc.edu,Male,12.182.247.106
244,Artemus,Dungay,adungay6r@ustream.tv,Male,214.219.236.109
245,Clyve,Kolushev,ckolushev6s@blog.com,Male,150.73.115.192
246,Forbes,Sharpus,fsharpus6t@msn.com,Male,136.49.154.171
247,Phillis,Pascow,ppascow6u@sphinn.com,Female,174.150.99.186
248,Pascal,Mattityahou,pmattityahou6v@godaddy.com,Male,125.250.220.23
249,Ferd,Hockey,fhockey6w@pcworld.com,Male,188.177.149.29
250,Fabian,Trenear,ftrenear6x@goo.ne.jp,Male,117.17.101.205
251,Sutherland,Fogel,sfogel6y@npr.org,Male,204.190.206.38
252,Georgina,Duffell,gduffell6z@is.gd,Female,194.22.43.205
253,Dorothea,Mitskevich,dmitskevich70@si.edu,Female,204.40.115.50
254,Whitby,Strass,wstrass71@gravatar.com,Male,217.168.99.136
255,Rona,Fazan,rfazan72@washingtonpost.com,Female,37.9.79.246
256,Lil,Pickerin,lpickerin73@toplist.cz,Female,114.65.239.222
257,Hoebart,Roulston,hroulston74@cafepress.com,Male,199.57.208.142
258,Harp,Pauli,hpauli75@bigcartel.com,Male,250.80.14.124
259,Kariotta,Seton,kseton76@cyberchimps.com,Female,170.148.82.3
260,Kevon,Speller,kspeller77@seattletimes.com,Male,114.169.10.49
261,Kristel,Brackley,kbrackley78@bloglines.com,Female,196.213.39.255
262,Melosa,Scarborough,mscarborough79@imageshack.us,Female,89.12.193.202
263,Page,Harding,pharding7a@amazon.com,Female,181.114.180.65
264,Royce,Arnke,rarnke7b@51.la,Male,45.180.101.175
265,Drucill,Iredell,diredell7c@wunderground.com,Female,78.35.133.231
266,Rosalynd,Cremen,rcremen7d@unc.edu,Female,215.223.246.215
267,Fee,Dionisetto,fdionisetto7e@arizona.edu,Male,186.67.121.90
268,Hendrick,Grund,hgrund7f@over-blog.com,Male,62.31.219.14
269,Douglass,Franzolini,dfranzolini7g@webs.com,Male,151.19.48.206
270,Valma,Back,vback7h@bluehost.com,Female,132.207.65.160
271,Kristian,Houlden,khoulden7i@51.la,Male,56.62.216.65
272,Lynnett,Minchinton,lminchinton7j@kickstarter.com,Female,183.19.172.185
273,Standford,Duckett,sduckett7k@w3.org,Male,42.45.3.171
274,Bibby,Couch,bcouch7l@army.mil,Female,243.13.241.187
275,Corena,Houlahan,choulahan7m@miitbeian.gov.cn,Female,95.30.7.232
276,Gavin,Liquorish,gliquorish7n@theguardian.com,Male,3.85.164.189
277,Andra,Lavrick,alavrick7o@foxnews.com,Female,120.50.224.85
278,Lucille,Lowde,llowde7p@telegraph.co.uk,Female,78.104.37.8
279,Tad,Fishleigh,tfishleigh7q@blogs.com,Male,162.203.214.76
280,Edin,Garces,egarces7r@de.vu,Female,20.126.55.86
281,Sidonia,Crut,scrut7s@sbwire.com,Female,146.13.136.52
282,Sydney,Kenforth,skenforth7t@barnesandnoble.com,Female,190.35.4.20
283,Korrie,Joselson,kjoselson7u@shinystat.com,Female,56.10.57.239
284,Amby,Gadsden,agadsden7v@harvard.edu,Male,150.221.156.216
285,Ricard,Dorcey,rdorcey7w@deliciousdays.com,Male,239.38.19.169
286,Tessi,Perfect,tperfect7x@google.cn,Female,248.7.142.146
287,Abagail,Nyssen,anyssen7y@nifty.com,Female,157.54.105.191
288,Martie,Darrington,mdarrington7z@alexa.com,Male,180.168.192.140
289,Brunhilda,Ridd,bridd80@a8.net,Female,55.136.15.230
290,Robbin,Durand,rdurand81@ted.com,Female,183.26.137.219
291,Timothy,Ramalhete,tramalhete82@state.gov,Male,31.182.210.30
292,Millie,Burne,mburne83@howstuffworks.com,Female,224.143.203.211
293,Manny,Chevers,mchevers84@photobucket.com,Male,255.234.6.51
294,Zolly,de Zamora,zdezamora85@pen.io,Male,238.73.76.71
295,Sara,Lougheid,slougheid86@theglobeandmail.com,Female,87.163.140.44
296,Ruperto,Linstead,rlinstead87@vinaora.com,Male,160.14.179.234
297,Thebault,Kingswoode,tkingswoode88@istockphoto.com,Male,167.237.134.218
298,Jessee,McReidy,jmcreidy89@seattletimes.com,Male,87.162.195.160
299,Silvester,Castro,scastro8a@google.ru,Male,90.4.66.31
300,Bobbi,Kilrow,bkilrow8b@reference.com,Female,86.68.89.36
301,Way,Geraldo,wgeraldo8c@businessinsider.com,Male,182.34.7.80
302,Fowler,Jolly,fjolly8d@youtube.com,Male,195.224.216.45
303,Myca,Birchall,mbirchall8e@cnbc.com,Male,214.72.149.103
304,Remington,Sherington,rsherington8f@pinterest.com,Male,203.120.187.2
305,Jehanna,Ligertwood,jligertwood8g@census.gov,Female,237.194.214.175
306,Tabbie,Rothert,trothert8h@liveinternet.ru,Female,169.252.254.215
307,Hortensia,De la croix,hdelacroix8i@hibu.com,Female,236.94.211.133
308,Nananne,Amys,namys8j@about.com,Female,184.227.192.69
309,Alaster,Adnett,aadnett8k@engadget.com,Male,69.137.236.15
310,Sholom,Leech,sleech8l@weebly.com,Male,57.93.196.194
311,Deanna,Pensom,dpensom8m@yellowbook.com,Female,170.68.122.186
312,Theo,Bulbrook,tbulbrook8n@godaddy.com,Male,51.94.140.82
313,Stace,Pastor,spastor8o@nba.com,Female,5.160.253.191
314,Nikolaus,Bessett,nbessett8p@weebly.com,Male,174.232.229.50
315,Rhoda,Scourfield,rscourfield8q@symantec.com,Female,150.118.122.60
316,Ladonna,de Wilde,ldewilde8r@ebay.com,Female,204.145.69.83
317,Barbe,Glayzer,bglayzer8s@si.edu,Female,210.166.125.71
318,Granthem,Harkins,gharkins8t@usda.gov,Male,216.190.117.188
319,Brett,Greenham,bgreenham8u@zdnet.com,Male,10.116.14.54
320,Kort,Serraillier,kserraillier8v@mtv.com,Male,197.160.37.110
321,Damian,Ivanishchev,divanishchev8w@imgur.com,Male,79.13.86.103
322,Hubey,Shingfield,hshingfield8x@merriam-webster.com,Male,53.164.251.179
323,Roxine,Annets,rannets8y@example.com,Female,46.206.129.12
324,Say,Biddwell,sbiddwell8z@google.com.br,Male,54.179.13.155
325,Rozalin,Horsburgh,rhorsburgh90@csmonitor.com,Female,168.201.213.90
326,Trenton,Greaser,tgreaser91@clickbank.net,Male,106.166.119.165
327,Madeline,Giacopelo,mgiacopelo92@nydailynews.com,Female,232.120.211.222
328,Pepi,Franzonetti,pfranzonetti93@com.com,Female,251.38.248.34
329,Karissa,Dawkins,kdawkins94@ted.com,Female,11.197.126.234
330,Craggie,Dwelling,cdwelling95@google.com.br,Male,185.183.224.81
331,Minne,Santostefano.,msantostefano96@ebay.com,Female,87.5.103.164
332,Theda,Janowicz,tjanowicz97@accuweather.com,Female,41.23.215.33
333,Edithe,Burrus,eburrus98@examiner.com,Female,215.126.249.70
334,Darius,Hum,dhum99@tripadvisor.com,Male,190.193.207.229
335,Halsey,Novak,hnovak9a@miibeian.gov.cn,Male,99.226.114.125
336,Nevins,Brahms,nbrahms9b@elpais.com,Male,167.43.58.250
337,Alric,Don,adon9c@rediff.com,Male,237.53.22.195
338,Peyton,Craythorne,pcraythorne9d@squidoo.com,Male,212.234.46.230
339,Amalia,Orgee,aorgee9e@slashdot.org,Female,223.72.149.84
340,Nomi,Clixby,nclixby9f@businessweek.com,Female,173.235.65.255
341,Em,Scole,escole9g@ihg.com,Female,111.83.179.139
342,Selma,Cornthwaite,scornthwaite9h@mysql.com,Female,37.197.178.178
343,Milton,Ovington,movington9i@skyrock.com,Male,16.48.211.147
344,Wilhelmine,Bonaire,wbonaire9j@google.ru,Female,108.39.77.55
345,Gonzales,Carrier,gcarrier9k@answers.com,Male,231.215.52.114
346,Jessica,Callington,jcallington9l@zimbio.com,Female,121.167.121.168
347,Bryon,Rolland,brolland9m@army.mil,Male,71.35.85.19
348,Bing,Joscelyn,bjoscelyn9n@oaic.gov.au,Male,88.15.118.166
349,Bruis,Alker,balker9o@mediafire.com,Male,151.217.247.238
350,Cobb,Danev,cdanev9p@cbslocal.com,Male,29.55.154.230
351,Melony,Dillon,mdillon9q@pinterest.com,Female,231.105.137.28
352,Kimmie,Dacks,kdacks9r@google.co.jp,Female,220.56.0.60
353,Rena,Beastall,rbeastall9s@reddit.com,Female,211.179.208.143
354,Beret,Tudge,btudge9t@icq.com,Female,167.185.166.125
355,Roselin,Gaunter,rgaunter9u@cnn.com,Female,49.252.58.21
356,Thorn,Carbry,tcarbry9v@behance.net,Male,49.160.175.85
357,Cleopatra,Hiers,chiers9w@odnoklassniki.ru,Female,98.29.35.129
358,Nannie,Sterzaker,nsterzaker9x@about.me,Female,221.6.7.243
359,Mohandas,Wibrew,mwibrew9y@ehow.com,Male,28.20.169.38
360,Alric,Gitthouse,agitthouse9z@wix.com,Male,239.39.42.44
361,Margareta,Oehm,moehma0@engadget.com,Female,47.222.121.3
362,Archibald,Fibbings,afibbingsa1@mozilla.com,Male,236.150.29.149
363,Kelley,Loving,klovinga2@bloglines.com,Female,191.175.251.250
364,Pren,Smallpeice,psmallpeicea3@homestead.com,Male,196.245.61.129
365,Gannon,Jakubowicz,gjakubowicza4@who.int,Male,85.187.117.229
366,Michelle,Godon,mgodona5@amazon.de,Female,125.239.33.68
367,Constantia,Kaesmans,ckaesmansa6@blogger.com,Female,26.139.255.195
368,Gabriel,Josefsohn,gjosefsohna7@deliciousdays.com,Male,111.72.172.175
369,Ebonee,Erskine Sandys,eerskinesandysa8@flavors.me,Female,78.53.148.98
370,Davine,Sparkwell,dsparkwella9@umn.edu,Female,246.57.109.80
371,Tadeas,Welden,tweldenaa@deliciousdays.com,Male,163.12.54.182
372,Wiley,Ewing,wewingab@illinois.edu,Male,178.38.239.170
373,Janos,Yegorshin,jyegorshinac@bloglines.com,Male,254.235.214.50
374,Noam,Gonzales,ngonzalesad@godaddy.com,Male,142.188.223.7
375,Fitzgerald,Arro,farroae@chicagotribune.com,Male,50.62.160.126
376,Madeline,Grahlman,mgrahlmanaf@devhub.com,Female,240.199.113.48
377,Germain,Saket,gsaketag@edublogs.org,Female,121.207.232.159
378,Meagan,Yeates,myeatesah@weibo.com,Female,207.39.132.37
379,Minetta,Fasse,mfasseai@wordpress.com,Female,55.2.139.117
380,Elnora,Hatt,ehattaj@comcast.net,Female,224.140.190.142
381,Orel,McKeowon,omckeowonak@wikimedia.org,Female,129.135.129.192
382,Homer,Jiras,hjirasal@edublogs.org,Male,142.96.11.185
383,Gunner,Stannas,gstannasam@huffingtonpost.com,Male,43.86.174.117
384,Darrell,Tripony,dtriponyan@360.cn,Male,126.13.193.4
385,Tiffanie,Millbank,tmillbankao@usgs.gov,Female,235.12.156.124
386,Pincas,Overington,poveringtonap@wufoo.com,Male,29.204.71.32
387,Brockie,Stout,bstoutaq@home.pl,Male,3.40.82.50
388,Archibold,Mattedi,amattediar@themeforest.net,Male,211.205.98.30
389,Bryon,Mintram,bmintramas@eventbrite.com,Male,152.43.150.71
390,Donetta,Vian,dvianat@geocities.jp,Female,221.66.190.229
391,Duane,Matasov,dmatasovau@mozilla.com,Male,84.174.199.105
392,Estella,Sussex,esussexav@tumblr.com,Female,74.154.4.83
393,Johanna,Tinn,jtinnaw@simplemachines.org,Female,144.206.237.117
394,Babita,Roman,bromanax@hostgator.com,Female,49.180.86.85
395,Torin,Maciaszek,tmaciaszekay@free.fr,Male,180.224.66.247
396,Silvia,Widdowson,swiddowsonaz@timesonline.co.uk,Female,105.129.119.76
397,Gerald,Clarke-Williams,gclarkewilliamsb0@twitter.com,Male,233.78.150.232
398,Brnaby,Bleby,bblebyb1@xinhuanet.com,Male,214.37.93.187
399,Ban,Tingcomb,btingcombb2@independent.co.uk,Male,198.177.37.199
400,Tabbie,Restieaux,trestieauxb3@mashable.com,Female,9.113.164.197
401,Obediah,Bergstrand,obergstrandb4@princeton.edu,Male,122.133.59.184
402,Kaye,Kears,kkearsb5@cbc.ca,Female,216.46.200.138
403,Gal,Phonix,gphonixb6@mlb.com,Male,218.135.3.94
404,Sunny,Jehaes,sjehaesb7@soundcloud.com,Male,22.78.199.61
405,Briant,Bengtson,bbengtsonb8@disqus.com,Male,112.119.83.168
406,Bernita,Korfmann,bkorfmannb9@seesaa.net,Female,66.13.232.203
407,Cad,Alven,calvenba@a8.net,Male,119.255.111.16
408,Uta,Duckerin,uduckerinbb@mit.edu,Female,157.188.163.105
409,Fabiano,Jeannequin,fjeannequinbc@google.com,Male,35.154.222.179
410,Norean,Tante,ntantebd@issuu.com,Female,133.132.132.250
411,Ashia,Staresmeare,astaresmearebe@plala.or.jp,Female,23.99.63.133
412,Byran,Kencott,bkencottbf@techcrunch.com,Male,193.236.25.216
413,Nert,Bounds,nboundsbg@delicious.com,Female,15.179.76.154
414,Jermain,Asgodby,jasgodbybh@cbc.ca,Male,30.18.145.87
415,Dominick,Esparza,desparzabi@cpanel.net,Male,136.23.183.115
416,Marice,Prendergrast,mprendergrastbj@columbia.edu,Female,237.4.178.84
417,Analise,Danett,adanettbk@flavors.me,Female,215.103.167.223
418,Jarret,Rembaud,jrembaudbl@nbcnews.com,Male,77.120.55.194
419,Piggy,Guierre,pguierrebm@1und1.de,Male,231.187.230.162
420,Burty,Winterbotham,bwinterbothambn@dell.com,Male,241.183.155.164
421,Madlin,Kaminski,mkaminskibo@soundcloud.com,Female,145.149.142.160
422,Farr,Smewing,fsmewingbp@ocn.ne.jp,Male,142.114.118.198
423,Robbyn,Scarsbrook,rscarsbrookbq@ihg.com,Female,227.225.251.3
424,Kristal,Stanwix,kstanwixbr@bing.com,Female,166.244.203.208
425,Agustin,Dawtre,adawtrebs@xrea.com,Male,64.248.207.30
426,Bran,Given,bgivenbt@discuz.net,Male,210.69.66.200
427,Flora,Halbeard,fhalbeardbu@ca.gov,Female,241.110.193.99
428,Serge,MacElholm,smacelholmbv@yale.edu,Male,96.145.95.204
429,Inigo,Toller,itollerbw@upenn.edu,Male,29.49.35.144
430,Alikee,Weild,aweildbx@ning.com,Female,46.72.173.158
431,Rinaldo,Consterdine,rconsterdineby@artisteer.com,Male,113.205.234.50
432,Nerte,Stiegar,nstiegarbz@zimbio.com,Female,103.111.156.0
433,Jere,Meadowcraft,jmeadowcraftc0@scribd.com,Male,186.227.81.228
434,Levey,Olczak,lolczakc1@soup.io,Male,38.143.247.238
435,Agnesse,Stilgo,astilgoc2@amazon.com,Female,196.5.174.67
436,Bondon,Colkett,bcolkettc3@foxnews.com,Male,30.71.31.14
437,Lauritz,Bohje,lbohjec4@posterous.com,Male,153.61.248.245
438,Freemon,Halegarth,fhalegarthc5@alexa.com,Male,141.239.163.146
439,Liv,Wedderburn,lwedderburnc6@rediff.com,Female,101.223.137.0
440,Row,Windham,rwindhamc7@discovery.com,Female,51.143.226.215
441,Lenci,Anthona,lanthonac8@deviantart.com,Male,48.130.87.207
442,Hesther,Mereweather,hmereweatherc9@tinypic.com,Female,173.19.255.67
443,Arther,Jertz,ajertzca@histats.com,Male,152.110.225.13
444,Aprilette,MacInnes,amacinnescb@aboutads.info,Female,106.36.5.121
445,Paddy,Wellings,pwellingscc@vinaora.com,Male,49.70.31.215
446,Thaddeus,Leathart,tleathartcd@webeden.co.uk,Male,172.113.234.99
447,Maurise,Richardon,mrichardonce@lulu.com,Female,19.239.150.237
448,Gabie,Steagall,gsteagallcf@globo.com,Female,7.238.158.55
449,Niccolo,Verity,nveritycg@cam.ac.uk,Male,110.164.197.192
450,Erin,Wellard,ewellardch@themeforest.net,Male,202.155.156.2
451,Kathrine,Ruppele,kruppeleci@delicious.com,Female,229.63.82.69
452,Alasdair,Sutehall,asutehallcj@gov.uk,Male,200.78.193.56
453,Corabelle,Phinnessy,cphinnessyck@shinystat.com,Female,20.96.101.38
454,Axe,Luigi,aluigicl@wix.com,Male,0.3.188.80
455,Ced,Marvell,cmarvellcm@nba.com,Male,49.172.248.70
456,Ram,Hazelby,rhazelbycn@japanpost.jp,Male,54.127.170.213
457,Jack,Somerled,jsomerledco@google.fr,Male,115.253.5.181
458,Welsh,Filchakov,wfilchakovcp@thetimes.co.uk,Male,20.21.154.190
459,Emmalee,Matokhnin,ematokhnincq@washingtonpost.com,Female,8.148.38.251
460,Den,Zupo,dzupocr@thetimes.co.uk,Male,23.112.213.209
461,Vikki,Gally,vgallycs@netscape.com,Female,169.78.204.136
462,Kyrstin,Gillett,kgillettct@amazon.de,Female,40.101.253.212
463,Yvette,Greenhead,ygreenheadcu@dyndns.org,Female,248.161.9.6
464,Werner,Roswarn,wroswarncv@bandcamp.com,Male,30.191.114.73
465,Marketa,Mc Mechan,mmcmechancw@pbs.org,Female,167.129.192.35
466,Russell,Pomeroy,rpomeroycx@pinterest.com,Male,101.209.237.88
467,Kathi,Fryett,kfryettcy@eepurl.com,Female,197.71.26.149
468,Fan,Speedin,fspeedincz@jiathis.com,Female,235.51.100.248
469,Granthem,Hollow,ghollowd0@altervista.org,Male,67.57.137.82
470,Darryl,Jinkinson,djinkinsond1@google.pl,Female,234.239.57.144
471,Haroun,De-Ville,hdevilled2@example.com,Male,125.253.59.205
472,Mylo,Kibard,mkibardd3@reference.com,Male,211.57.6.89
473,Fulvia,Dibdale,fdibdaled4@51.la,Female,48.32.236.131
474,Doug,Sommerland,dsommerlandd5@economist.com,Male,155.192.182.44
475,Benedetta,Bitten,bbittend6@scientificamerican.com,Female,40.11.217.170
476,Bria,Stigell,bstigelld7@techcrunch.com,Female,174.16.72.157
477,Bibbie,Gilcrist,bgilcristd8@thetimes.co.uk,Female,228.210.199.144
478,Kellina,Pougher,kpougherd9@cafepress.com,Female,189.165.155.212
479,Kiersten,Remer,kremerda@patch.com,Female,40.199.250.41
480,Marcia,Doore,mdooredb@blogs.com,Female,91.215.17.121
481,Barnebas,Vannuccinii,bvannucciniidc@t-online.de,Male,99.77.93.203
482,Aeriela,Allen,aallendd@theguardian.com,Female,241.136.118.200
483,Teodor,Antalffy,tantalffyde@gravatar.com,Male,174.151.83.206
484,Gavrielle,Smeall,gsmealldf@unicef.org,Female,201.170.80.129
485,Richardo,Proger,rprogerdg@bigcartel.com,Male,92.35.133.139
486,Lelia,Murra,lmurradh@blogs.com,Female,246.183.246.248
487,Lindie,Blance,lblancedi@whitehouse.gov,Female,77.144.6.74
488,Myrtie,Pixton,mpixtondj@goodreads.com,Female,233.114.84.253
489,Monroe,Tarzey,mtarzeydk@merriam-webster.com,Male,208.36.161.4
490,Bevan,Dulany,bdulanydl@bravesites.com,Male,242.233.187.216
491,Sandy,Restieaux,srestieauxdm@skype.com,Female,211.175.215.180
492,Brander,Got,bgotdn@chicagotribune.com,Male,179.210.143.198
493,Hansiain,Kunzel,hkunzeldo@auda.org.au,Male,192.16.24.131
494,Tatiana,Jaegar,tjaegardp@ihg.com,Female,13.132.115.228
495,Moritz,Eltringham,meltringhamdq@cdc.gov,Male,117.253.54.18
496,Shaylyn,Prendergrast,sprendergrastdr@bloglovin.com,Female,215.134.82.105
497,Robb,Jeacock,rjeacockds@ihg.com,Male,16.157.121.82
498,Rolland,Enderle,renderledt@homestead.com,Male,240.65.105.62
499,Eden,Belin,ebelindu@bloglovin.com,Female,147.228.20.136
500,Delano,Gelder,dgelderdv@ovh.net,Male,237.141.54.38
501,Marget,Eighteen,meighteendw@harvard.edu,Female,167.164.124.88
502,Sonni,Dahlgren,sdahlgrendx@wikia.com,Female,205.175.218.182
503,Jeralee,Antonelli,jantonellidy@godaddy.com,Female,196.122.184.133
504,Sidoney,Burnsell,sburnselldz@discovery.com,Female,225.112.177.47
505,Meg,Baxstare,mbaxstaree0@msu.edu,Female,95.184.69.45
506,Beryle,Charlewood,bcharlewoode1@fema.gov,Female,221.199.240.64
507,Edward,Halwell,ehalwelle2@lulu.com,Male,225.136.128.159
508,Bryan,Soares,bsoarese3@desdev.cn,Male,45.21.57.204
509,Bell,Shipston,bshipstone4@sourceforge.net,Female,212.80.149.11
510,Antin,Coudray,acoudraye5@pagesperso-orange.fr,Male,127.52.159.17
511,Kattie,Learman,klearmane6@fema.gov,Female,75.158.96.4
512,Odille,Crux,ocruxe7@creativecommons.org,Female,238.175.54.110
513,Sarge,Goold,sgoolde8@jalbum.net,Male,92.139.83.6
514,Aretha,Kohrding,akohrdinge9@github.com,Female,77.185.153.8
515,Loutitia,Olivetti,lolivettiea@bloglines.com,Female,196.143.148.197
516,Marcellus,Lawson,mlawsoneb@dedecms.com,Male,23.48.253.39
517,Hazlett,McLeish,hmcleishec@goo.gl,Male,44.126.74.252
518,Patsy,McGiffin,pmcgiffined@ask.com,Female,130.255.193.164
519,Jaymee,Hamsher,jhamsheree@seesaa.net,Female,184.208.118.164
520,Khalil,Caslin,kcaslinef@pagesperso-orange.fr,Male,116.208.9.29
521,Bern,Jossum,bjossumeg@google.es,Male,215.90.174.169
522,Romain,Ewebank,rewebankeh@istockphoto.com,Male,113.91.40.45
523,Christean,Arlott,carlottei@themeforest.net,Female,194.117.67.8
524,Denis,Purdom,dpurdomej@whitehouse.gov,Male,227.178.223.255
525,Mortimer,Normaville,mnormavilleek@issuu.com,Male,91.55.189.149
526,Elise,Mc Kellen,emckellenel@tiny.cc,Female,126.43.228.235
527,Brewer,Spenceley,bspenceleyem@purevolume.com,Male,129.114.10.84
528,Correy,Hurlestone,churlestoneen@people.com.cn,Male,234.75.51.153
529,Cyndy,Derry,cderryeo@umn.edu,Female,165.117.108.39
530,Alena,Stark,astarkep@ted.com,Female,64.78.103.46
531,Abey,Elcocks,aelcockseq@cbc.ca,Male,32.146.18.207
532,Cosimo,Theriot,ctherioter@craigslist.org,Male,54.250.80.198
533,Johnna,Boays,jboayses@unesco.org,Female,153.76.173.63
534,Blair,Casado,bcasadoet@java.com,Male,252.177.40.209
535,Talbert,Camamill,tcamamilleu@howstuffworks.com,Male,91.101.10.178
536,Ahmad,Thairs,athairsev@altervista.org,Male,201.171.46.225
537,Finlay,Strute,fstruteew@sakura.ne.jp,Male,233.158.39.250
538,Gwenneth,d'Arcy,gdarcyex@businessweek.com,Female,25.157.79.225
539,Waylin,Faucherand,wfaucherandey@google.it,Male,123.112.250.164
540,Manya,Bisset,mbissetez@baidu.com,Female,131.203.67.242
541,Elinor,Wragge,ewraggef0@unc.edu,Female,185.136.59.133
542,Faber,Hazeman,fhazemanf1@hhs.gov,Male,137.5.74.130
543,Roy,Hegley,rhegleyf2@nifty.com,Male,104.244.96.212
544,Adriena,Bamford,abamfordf3@arizona.edu,Female,55.46.139.220
545,Jasmin,Hearnes,jhearnesf4@xinhuanet.com,Female,201.106.167.43
546,Carrol,Duguid,cduguidf5@si.edu,Male,223.40.94.79
547,Dion,Trime,dtrimef6@bbc.co.uk,Male,39.132.188.244
548,Loralee,Clemmitt,lclemmittf7@marriott.com,Female,160.56.11.151
549,Adrienne,Christol,achristolf8@rediff.com,Female,21.153.102.210
550,Norry,Berzins,nberzinsf9@pagesperso-orange.fr,Female,106.89.5.192
551,Keary,Wynrehame,kwynrehamefa@addtoany.com,Male,124.35.63.211
552,Osmund,Casiroli,ocasirolifb@sogou.com,Male,147.194.142.176
553,Jan,Hairyes,jhairyesfc@addthis.com,Female,217.152.188.21
554,Lindsay,Deeble,ldeeblefd@wix.com,Male,199.97.117.85
555,Bridget,Ludgate,bludgatefe@blogger.com,Female,211.145.250.52
556,Jinny,Crowth,jcrowthff@mtv.com,Female,209.193.153.44
557,Teodor,Baudou,tbaudoufg@theatlantic.com,Male,76.5.5.226
558,Quinn,Havercroft,qhavercroftfh@umich.edu,Female,126.221.29.32
559,Murdoch,Willshire,mwillshirefi@etsy.com,Male,157.228.111.164
560,Etti,Goodboddy,egoodboddyfj@earthlink.net,Female,185.120.25.107
561,Sharl,Sonnenschein,ssonnenscheinfk@51.la,Female,79.156.120.109
562,Eugenie,Quinton,equintonfl@netvibes.com,Female,53.129.52.34
563,Deanna,Lordon,dlordonfm@ebay.co.uk,Female,106.172.73.209
564,Iggy,Spellissy,ispellissyfn@github.io,Male,136.19.206.161
565,Bobbie,Ballance,bballancefo@wiley.com,Female,140.89.191.248
566,Eric,Ben-Aharon,ebenaharonfp@networkadvertising.org,Male,41.107.167.87
567,Hildagard,Leavey,hleaveyfq@multiply.com,Female,166.151.55.205
568,Erroll,Dallinder,edallinderfr@apple.com,Male,183.206.169.80
569,Carlota,Wharmby,cwharmbyfs@princeton.edu,Female,211.186.43.74
570,Roxi,Klimke,rklimkeft@wordpress.com,Female,131.21.154.160
571,Quill,Pauly,qpaulyfu@bigcartel.com,Male,237.74.206.174
572,Bliss,Grundon,bgrundonfv@weebly.com,Female,107.68.150.117
573,Baxy,Tees,bteesfw@epa.gov,Male,178.165.61.251
574,Errick,Ginman,eginmanfx@discuz.net,Male,204.57.48.179
575,Obediah,Wedgbrow,owedgbrowfy@purevolume.com,Male,84.132.4.10
576,Krysta,McCoole,kmccoolefz@japanpost.jp,Female,110.226.37.132
577,Rebbecca,Beckenham,rbeckenhamg0@xrea.com,Female,131.251.227.89
578,Alfy,Tilbrook,atilbrookg1@feedburner.com,Female,64.144.204.140
579,Athene,Lowfill,alowfillg2@comsenz.com,Female,233.198.140.26
580,Fabian,Brockie,fbrockieg3@home.pl,Male,174.65.168.224
581,Carolynn,Hagart,chagartg4@google.com.hk,Female,95.36.226.12
582,Eben,Blazy,eblazyg5@ucoz.ru,Male,74.160.123.88
583,Raffarty,Cartmael,rcartmaelg6@simplemachines.org,Male,153.223.93.180
584,Jarib,Quarry,jquarryg7@privacy.gov.au,Male,56.165.140.92
585,Winnah,Beau,wbeaug8@bigcartel.com,Female,61.19.12.9
586,Mayne,Raimbauld,mraimbauldg9@e-recht24.de,Male,142.67.125.107
587,Anton,Dorwood,adorwoodga@a8.net,Male,82.197.210.183
588,Ossie,Selley,oselleygb@php.net,Male,95.241.163.79
589,Nissie,Huckerbe,nhuckerbegc@businessweek.com,Female,223.180.241.184
590,Wake,Dobeson,wdobesongd@nbcnews.com,Male,154.173.164.69
591,Kessiah,Babe,kbabege@liveinternet.ru,Female,86.242.58.13
592,Britt,Spiniello,bspiniellogf@linkedin.com,Male,189.19.54.105
593,Mylo,Banthorpe,mbanthorpegg@samsung.com,Male,49.161.161.107
594,Harriott,Snarie,hsnariegh@ft.com,Female,96.166.245.194
595,Gertie,Balazs,gbalazsgi@nasa.gov,Female,78.69.5.67
596,Eleanora,Chene,echenegj@desdev.cn,Female,216.206.19.9
597,Alene,Sterley,asterleygk@reverbnation.com,Female,162.91.175.38
598,Shirleen,Lukasen,slukasengl@dedecms.com,Female,186.206.129.243
599,Mame,Prozillo,mprozillogm@cyberchimps.com,Female,159.186.76.8
600,Eleen,Dawltrey,edawltreygn@plala.or.jp,Female,236.70.63.94
601,Pembroke,Lyosik,plyosikgo@accuweather.com,Male,183.123.117.200
602,Brandea,Organer,borganergp@mysql.com,Female,34.104.170.0
603,Joellen,Benoey,jbenoeygq@telegraph.co.uk,Female,169.225.71.24
604,Mattheus,Moubray,mmoubraygr@nyu.edu,Male,155.24.228.121
605,Sal,Fullilove,sfullilovegs@theatlantic.com,Male,146.133.247.191
606,Glynis,Burdas,gburdasgt@plala.or.jp,Female,132.248.142.218
607,Adan,Greatbach,agreatbachgu@earthlink.net,Female,240.106.182.141
608,Denny,Middler,dmiddlergv@nyu.edu,Male,203.220.14.195
609,Peyter,Heimann,pheimanngw@vkontakte.ru,Male,127.249.249.150
610,Garwin,Rainbird,grainbirdgx@cam.ac.uk,Male,96.236.167.98
611,Marni,Ivancevic,mivancevicgy@acquirethisname.com,Female,181.116.57.219
612,Drew,Maris,dmarisgz@usatoday.com,Male,2.208.130.106
613,Jemima,Southey,jsoutheyh0@wix.com,Female,225.84.21.59
614,Becky,Vittet,bvitteth1@smugmug.com,Female,134.32.80.121
615,Aube,Tenbrug,atenbrugh2@nba.com,Male,0.189.185.90
616,Aguie,Nightingale,anightingaleh3@nature.com,Male,113.29.168.158
617,Flint,Lissenden,flissendenh4@wufoo.com,Male,153.249.229.13
618,Rodrick,Coggan,rcogganh5@toplist.cz,Male,104.23.149.86
619,Gregory,Creffield,gcreffieldh6@fc2.com,Male,26.127.149.224
620,Claybourne,Marzelle,cmarzelleh7@tumblr.com,Male,195.77.164.25
621,Adler,Berzins,aberzinsh8@lycos.com,Male,139.208.2.77
622,Merralee,Blackledge,mblackledgeh9@reddit.com,Female,254.57.12.39
623,Bobbee,Rammell,brammellha@printfriendly.com,Female,1.171.161.172
624,Vicky,Mockett,vmocketthb@mapy.cz,Female,241.85.46.130
625,Reginauld,Buckie,rbuckiehc@jigsy.com,Male,213.174.1.24
626,Sherwynd,Borless,sborlesshd@shareasale.com,Male,21.62.240.4
627,Alvina,Kingcott,akingcotthe@aol.com,Female,125.189.99.109
628,Justin,Ayliffe,jayliffehf@blogspot.com,Male,111.238.1.131
629,Fitz,Ingolotti,fingolottihg@youtube.com,Male,41.140.14.205
630,Nicko,Wince,nwincehh@wisc.edu,Male,21.150.111.84
631,Querida,Trowl,qtrowlhi@accuweather.com,Female,233.102.163.127
632,Claudia,Goady,cgoadyhj@booking.com,Female,249.57.177.8
633,Rebeka,Christophe,rchristophehk@163.com,Female,153.105.7.147
634,Camala,McGhee,cmcgheehl@washington.edu,Female,210.83.195.216
635,Devon,Keedy,dkeedyhm@theguardian.com,Female,49.157.115.4
636,Alis,Danielsohn,adanielsohnhn@odnoklassniki.ru,Female,154.140.64.74
637,Ida,Jeffress,ijeffressho@delicious.com,Female,52.250.206.18
638,Candis,Citrine,ccitrinehp@imageshack.us,Female,124.41.60.23
639,Alica,Rycroft,arycrofthq@homestead.com,Female,138.23.152.129
640,Dolf,Pitford,dpitfordhr@dion.ne.jp,Male,148.82.64.22
641,Lawry,Stellin,lstellinhs@hubpages.com,Male,244.168.19.21
642,Durward,Penhale,dpenhaleht@soundcloud.com,Male,115.108.58.198
643,Stanislaw,Galbreth,sgalbrethhu@cbc.ca,Male,74.236.179.62
644,Valenka,Quelch,vquelchhv@digg.com,Female,235.233.171.39
645,Mario,Riddell,mriddellhw@aboutads.info,Male,133.231.255.151
646,Merrilee,Raatz,mraatzhx@usgs.gov,Female,99.107.150.162
647,Blinnie,Peacher,bpeacherhy@github.io,Female,211.9.138.27
648,Enriqueta,Garaway,egarawayhz@about.me,Female,227.73.23.186
649,Marjy,Menicomb,mmenicombi0@com.com,Female,19.52.235.20
650,Orson,Saph,osaphi1@yolasite.com,Male,184.65.17.215
651,Hamilton,Foker,hfokeri2@vinaora.com,Male,127.77.30.98
652,Port,Impey,pimpeyi3@google.nl,Male,16.41.68.217
653,Dyan,Jerke,djerkei4@dedecms.com,Female,180.175.212.202
654,Evelyn,Butterley,ebutterleyi5@furl.net,Male,63.7.227.222
655,Guntar,Scarrott,gscarrotti6@wufoo.com,Male,236.161.240.169
656,Merwyn,Draaisma,mdraaismai7@ask.com,Male,242.54.216.63
657,Amery,Francis,afrancisi8@yolasite.com,Male,91.112.136.70
658,Quincy,Morgen,qmorgeni9@answers.com,Male,23.246.191.99
659,Fernande,Buttress,fbuttressia@freewebs.com,Female,208.197.234.18
660,Archer,Margetson,amargetsonib@cnet.com,Male,205.225.195.128
661,Alia,Sponton,aspontonic@uol.com.br,Female,58.199.112.59
662,Christi,Blase,cblaseid@sfgate.com,Female,18.221.30.49
663,Miner,Higford,mhigfordie@yelp.com,Male,222.60.156.30
664,Abramo,Timperley,atimperleyif@patch.com,Male,19.196.179.245
665,Vasily,Breakey,vbreakeyig@washingtonpost.com,Male,93.232.243.156
666,Florinda,Siney,fsineyih@apache.org,Female,15.240.62.205
667,Tildi,Kinkade,tkinkadeii@github.com,Female,199.231.185.229
668,Davy,Coaten,dcoatenij@squarespace.com,Male,209.212.47.210
669,Mayne,Palser,mpalserik@edublogs.org,Male,112.20.129.208
670,Nickolaus,Hannigan,nhanniganil@dion.ne.jp,Male,235.108.60.214
671,Rita,Orrum,rorrumim@intel.com,Female,164.90.128.129
672,Zachary,Brasse,zbrassein@netscape.com,Male,151.255.111.97
673,Parry,Copeman,pcopemanio@multiply.com,Male,174.31.15.221
674,Mayor,Wadly,mwadlyip@hubpages.com,Male,74.5.43.108
675,Elnora,Perrottet,eperrottetiq@4shared.com,Female,41.62.134.156
676,Meyer,Faucherand,mfaucherandir@engadget.com,Male,90.184.203.120
677,Ardenia,Klimashevich,aklimashevichis@quantcast.com,Female,201.195.133.251
678,Drusie,Redgewell,dredgewellit@hibu.com,Female,175.137.103.80
679,Kean,Lyst,klystiu@skype.com,Male,89.58.87.88
680,Nichol,Sissel,nsisseliv@hc360.com,Female,243.252.250.86
681,Iain,Valenti,ivalentiiw@google.com.au,Male,113.250.255.45
682,Kris,Greves,kgrevesix@reuters.com,Male,102.25.142.54
683,Aldrich,Learoid,alearoidiy@va.gov,Male,70.33.94.218
684,Alyson,Gatehouse,agatehouseiz@macromedia.com,Female,25.243.188.87
685,August,Reignould,areignouldj0@wikispaces.com,Male,67.181.142.35
686,Eva,Ashbridge,eashbridgej1@domainmarket.com,Female,37.40.174.52
687,Carling,Krier,ckrierj2@china.com.cn,Male,169.176.12.108
688,Kat,Dobbson,kdobbsonj3@lulu.com,Female,89.68.148.73
689,Lezlie,Cowderay,lcowderayj4@ning.com,Female,71.88.239.89
690,Geri,Alessandrucci,galessandruccij5@spiegel.de,Female,66.21.18.66
691,Marshall,Spur,mspurj6@google.de,Male,42.93.170.50
692,Barnie,Dunnett,bdunnettj7@jigsy.com,Male,83.231.181.253
693,Jacky,Springate,jspringatej8@livejournal.com,Male,158.232.159.69
694,Danie,Roust,droustj9@intel.com,Male,115.117.1.132
695,Amii,Eales,aealesja@opera.com,Female,170.200.13.86
696,Matthiew,Yakuntsov,myakuntsovjb@seattletimes.com,Male,220.54.151.111
697,Charlton,D'Antoni,cdantonijc@skype.com,Male,182.121.107.240
698,Lori,McPaike,lmcpaikejd@mtv.com,Female,103.173.236.197
699,Jakob,Schulze,jschulzeje@google.com.hk,Male,2.243.135.198
700,Westley,Hillum,whillumjf@acquirethisname.com,Male,25.148.155.224
701,Zenia,Munroe,zmunroejg@purevolume.com,Female,136.130.251.75
702,Devondra,Elcocks,delcocksjh@cnet.com,Female,50.216.0.236
703,Nanci,Georgeou,ngeorgeouji@freewebs.com,Female,212.58.59.107
704,Caterina,Stoffels,cstoffelsjj@about.com,Female,113.168.247.130
705,Carree,Thompstone,cthompstonejk@wp.com,Female,113.73.179.66
706,Dennison,Mattei,dmatteijl@redcross.org,Male,241.97.254.211
707,Murry,McRamsey,mmcramseyjm@hao123.com,Male,3.191.40.37
708,Hilary,McKern,hmckernjn@uol.com.br,Male,166.108.21.121
709,Lorie,Wind,lwindjo@storify.com,Female,222.117.236.178
710,Norina,Procter,nprocterjp@phpbb.com,Female,45.216.198.211
711,Dale,Burleton,dburletonjq@army.mil,Male,42.122.113.12
712,Emmalyn,Howsego,ehowsegojr@dagondesign.com,Female,68.156.175.223
713,Raddie,Witten,rwittenjs@ask.com,Male,106.10.148.211
714,Ted,Wayman,twaymanjt@guardian.co.uk,Male,39.138.109.250
715,Nancy,Liddell,nliddellju@instagram.com,Female,191.121.37.90
716,Wendel,Philo,wphilojv@odnoklassniki.ru,Male,80.174.172.118
717,Francois,Doubleday,fdoubledayjw@economist.com,Male,53.99.56.55
718,Jannelle,Kochel,jkocheljx@shop-pro.jp,Female,187.156.97.105
719,Timoteo,Dolley,tdolleyjy@sun.com,Male,86.64.140.203
720,Giusto,Dinsale,gdinsalejz@webnode.com,Male,20.14.201.35
721,Terza,Hiddersley,thiddersleyk0@ed.gov,Female,192.202.138.159
722,Byron,Willimot,bwillimotk1@jalbum.net,Male,178.239.85.37
723,Amandi,Poutress,apoutressk2@pinterest.com,Female,114.75.89.94
724,Ruthann,Blanckley,rblanckleyk3@microsoft.com,Female,39.197.8.36
725,Perice,Ledner,plednerk4@surveymonkey.com,Male,65.192.230.64
726,Ebony,Bertin,ebertink5@xinhuanet.com,Female,14.197.64.204
727,Devondra,Scroggs,dscroggsk6@linkedin.com,Female,205.41.214.16
728,Matthieu,Foxwell,mfoxwellk7@dailymail.co.uk,Male,31.243.198.38
729,Liam,Argont,largontk8@state.tx.us,Male,104.26.29.140
730,Winnifred,Mattaser,wmattaserk9@google.cn,Female,65.245.250.103
731,Baldwin,Ronald,bronaldka@mediafire.com,Male,112.168.15.230
732,Erna,Maciaszek,emaciaszekkb@elpais.com,Female,35.16.224.13
733,Burg,Rucklidge,brucklidgekc@webs.com,Male,3.139.76.221
734,Rhodie,May,rmaykd@i2i.jp,Female,232.249.128.68
735,Margarethe,Loade,mloadeke@amazon.co.uk,Female,63.70.216.106
736,Ivette,Frantz,ifrantzkf@wordpress.org,Female,180.139.128.100
737,Gus,Stonnell,gstonnellkg@reddit.com,Female,18.174.160.66
738,Gus,Brophy,gbrophykh@bravesites.com,Male,233.137.252.53
739,Gibb,Bertot,gbertotki@illinois.edu,Male,125.104.54.34
740,Karl,Drable,kdrablekj@spiegel.de,Male,23.90.80.208
741,Chauncey,Livezley,clivezleykk@harvard.edu,Male,185.232.206.180
742,Gayle,Dallinder,gdallinderkl@forbes.com,Male,55.123.232.89
743,Rochella,Sturror,rsturrorkm@stanford.edu,Female,194.127.189.199
744,Nathalie,Preon,npreonkn@51.la,Female,220.41.219.112
745,Ole,Enevoldsen,oenevoldsenko@wikipedia.org,Male,136.7.13.86
746,Grove,Stobbart,gstobbartkp@skyrock.com,Male,122.124.160.214
747,Phoebe,Livings,plivingskq@studiopress.com,Female,131.219.206.160
748,Christiana,Kitchingman,ckitchingmankr@howstuffworks.com,Female,172.131.27.90
749,Abelard,Tumasian,atumasianks@aboutads.info,Male,224.222.208.237
750,Lindsey,Farloe,lfarloekt@slashdot.org,Male,129.135.90.14
751,Baron,Goghin,bgoghinku@4shared.com,Male,212.124.119.161
752,Silvio,Scotts,sscottskv@senate.gov,Male,26.136.150.239
753,Marlane,Lismer,mlismerkw@zimbio.com,Female,224.162.19.202
754,Valerye,Clawson,vclawsonkx@hc360.com,Female,7.253.182.77
755,Idette,Lasslett,ilasslettky@tiny.cc,Female,15.235.148.140
756,Katee,Schubbert,kschubbertkz@home.pl,Female,243.56.228.133
757,Nickolai,Eades,neadesl0@state.gov,Male,128.116.202.34
758,Nilson,Livermore,nlivermorel1@tumblr.com,Male,182.229.97.239
759,Jarrett,Chritchley,jchritchleyl2@who.int,Male,74.248.28.190
760,Erie,Gibbs,egibbsl3@simplemachines.org,Male,219.84.112.119
761,Elinor,Pullinger,epullingerl4@cnet.com,Female,65.254.42.227
762,Kerr,Wilce,kwilcel5@admin.ch,Male,147.152.69.34
763,Porty,Idale,pidalel6@clickbank.net,Male,16.116.251.211
764,Jay,Winham,jwinhaml7@ed.gov,Male,206.155.239.212
765,Wiatt,Beatty,wbeattyl8@macromedia.com,Male,236.100.202.88
766,Jaimie,Lalonde,jlalondel9@hp.com,Male,99.91.155.63
767,Donnell,Waby,dwabyla@biblegateway.com,Male,214.130.205.146
768,Griffin,Rosling,groslinglb@stanford.edu,Male,62.40.105.41
769,Maxi,Beardshall,mbeardshalllc@oracle.com,Female,25.46.153.117
770,Jerrilyn,Le Marquand,jlemarquandld@ow.ly,Female,112.115.114.22
771,Leroi,Colby,lcolbyle@woothemes.com,Male,9.188.94.242
772,Bria,Pull,bpulllf@marriott.com,Female,154.202.159.106
773,Tracy,Bosenworth,tbosenworthlg@howstuffworks.com,Male,64.148.43.181
774,Alyse,Petti,apettilh@macromedia.com,Female,165.1.87.59
775,Fawne,Warbeys,fwarbeysli@wiley.com,Female,94.112.14.79
776,Linnet,Cunningham,lcunninghamlj@yolasite.com,Female,150.10.228.153
777,Rhea,Michelle,rmichellelk@google.de,Female,186.64.186.153
778,Mortie,Resdale,mresdalell@goodreads.com,Male,9.128.42.164
779,Livia,MacNamara,lmacnamaralm@gizmodo.com,Female,146.142.59.89
780,Pierette,Hunston,phunstonln@unblog.fr,Female,59.134.212.232
781,Valentia,Morgue,vmorguelo@npr.org,Female,255.209.54.91
782,Leona,Burless,lburlesslp@multiply.com,Female,137.216.221.237
783,Flem,O'Cannovane,focannovanelq@wp.com,Male,26.36.248.219
784,Damon,Sneyd,dsneydlr@yandex.ru,Male,122.9.151.234
785,Harv,Adam,hadamls@wordpress.com,Male,192.177.239.246
786,Fonsie,Obey,fobeylt@amazonaws.com,Male,154.146.12.12
787,Cordi,Matteucci,cmatteuccilu@phpbb.com,Female,153.237.25.243
788,Torrance,Eitter,teitterlv@google.co.uk,Male,195.208.43.251
789,Sheridan,Gorry,sgorrylw@shareasale.com,Male,255.107.96.253
790,Yolanda,Malinowski,ymalinowskilx@zdnet.com,Female,128.19.225.79
791,Merrel,Aldin,maldinly@usnews.com,Male,36.12.98.43
792,Tremain,Goranov,tgoranovlz@trellian.com,Male,220.244.47.140
793,Aurthur,Denziloe,adenziloem0@gravatar.com,Male,120.191.40.67
794,West,Prewett,wprewettm1@meetup.com,Male,75.116.143.107
795,Andonis,Hairsine,ahairsinem2@paginegialle.it,Male,155.148.167.84
796,Kayne,McGiff,kmcgiffm3@godaddy.com,Male,73.200.153.216
797,Merlina,Gossage,mgossagem4@deviantart.com,Female,50.102.192.35
798,Kassi,Sponer,ksponerm5@admin.ch,Female,131.102.180.48
799,Ambrosi,Fincher,afincherm6@flavors.me,Male,101.110.141.96
800,Morty,Peggs,mpeggsm7@acquirethisname.com,Male,26.210.115.248
801,Emmanuel,Venneur,evenneurm8@jigsy.com,Male,55.143.4.145
802,Jule,Campbell,jcampbellm9@msu.edu,Male,173.182.129.148
803,Frederique,Lottrington,flottringtonma@istockphoto.com,Female,10.65.112.61
804,Dean,Brolechan,dbrolechanmb@theguardian.com,Male,71.148.76.40
805,Sumner,Rawdall,srawdallmc@wix.com,Male,209.27.163.69
806,Marchall,Tancock,mtancockmd@woothemes.com,Male,45.9.112.200
807,Marika,Cameron,mcameronme@utexas.edu,Female,230.92.42.52
808,Arvin,Jindra,ajindramf@go.com,Male,189.37.207.181
809,Liane,Tudor,ltudormg@webeden.co.uk,Female,249.62.218.111
810,Camille,Vernham,cvernhammh@craigslist.org,Female,159.237.1.54
811,Paula,Eschalette,peschalettemi@kickstarter.com,Female,9.98.209.173
812,Legra,Benedetti,lbenedettimj@soundcloud.com,Female,176.157.219.144
813,Grethel,Levett,glevettmk@foxnews.com,Female,63.187.39.219
814,Allix,Bagehot,abagehotml@ocn.ne.jp,Female,204.11.151.159
815,Sid,Cockshoot,scockshootmm@yahoo.com,Male,18.18.169.214
816,Lorenza,Petcher,lpetchermn@gmpg.org,Female,46.193.231.199
817,Joel,Delnevo,jdelnevomo@earthlink.net,Male,43.44.82.122
818,Mureil,Primett,mprimettmp@cargocollective.com,Female,183.104.11.95
819,Annette,Cuddy,acuddymq@imdb.com,Female,123.14.221.23
820,Eldredge,Barca,ebarcamr@cbsnews.com,Male,220.141.191.2
821,Tanner,Polgreen,tpolgreenms@canalblog.com,Male,67.98.106.31
822,Wally,Bollins,wbollinsmt@ebay.co.uk,Male,145.124.170.7
823,Maure,Fenge,mfengemu@netlog.com,Female,44.149.29.177
824,Charmion,Landers,clandersmv@123-reg.co.uk,Female,36.5.53.8
825,Nanci,Hawkswell,nhawkswellmw@lycos.com,Female,59.235.109.155
826,Lammond,De Vaar,ldevaarmx@google.com.hk,Male,180.89.229.187
827,Emmalynn,McQuarrie,emcquarriemy@studiopress.com,Female,243.138.103.179
828,Olva,Abel,oabelmz@businessinsider.com,Female,202.184.54.222
829,Amie,Brinsford,abrinsfordn0@oracle.com,Female,218.8.85.75
830,Der,Pyser,dpysern1@smugmug.com,Male,225.231.18.149
831,Drake,Trewhella,dtrewhellan2@nhs.uk,Male,241.107.151.133
832,Zora,Shingles,zshinglesn3@patch.com,Female,40.25.209.59
833,Anatollo,De Andisie,adeandisien4@soup.io,Male,27.63.57.40
834,Kevyn,Pennock,kpennockn5@dailymotion.com,Female,154.71.168.71
835,Hansiain,Juliff,hjuliffn6@booking.com,Male,98.181.19.118
836,Adelaide,Cottel,acotteln7@archive.org,Female,48.114.23.28
837,Elisabeth,Almak,ealmakn8@jalbum.net,Female,130.250.96.232
838,Franny,Toothill,ftoothilln9@cisco.com,Male,15.135.89.164
839,Jerrold,Dedman,jdedmanna@un.org,Male,21.31.3.119
840,Frans,Ranklin,franklinnb@discuz.net,Male,33.50.94.196
841,Catherina,Lodwig,clodwignc@dion.ne.jp,Female,39.107.176.78
842,Rollo,Dabes,rdabesnd@businesswire.com,Male,150.120.174.51
843,Orv,Siddons,osiddonsne@vk.com,Male,84.24.2.151
844,Barney,Marlon,bmarlonnf@fc2.com,Male,147.115.108.119
845,Valentia,Josselsohn,vjosselsohnng@abc.net.au,Female,112.24.129.93
846,Denny,Klambt,dklambtnh@marketwatch.com,Male,179.135.58.211
847,Emerson,Meikle,emeikleni@diigo.com,Male,61.209.66.147
848,Annaliese,Slide,aslidenj@so-net.ne.jp,Female,187.83.21.116
849,Maxi,Marcombe,mmarcombenk@ox.ac.uk,Female,245.140.145.255
850,Lucina,Pfertner,lpfertnernl@icq.com,Female,225.104.205.232
851,Howey,Sybe,hsybenm@youku.com,Male,250.112.159.79
852,Jori,Fairhall,jfairhallnn@smh.com.au,Female,57.113.81.59
853,Fonzie,Bassford,fbassfordno@liveinternet.ru,Male,114.189.106.101
854,Mahalia,Griston,mgristonnp@ucsd.edu,Female,189.236.237.30
855,Neel,Gavaghan,ngavaghannq@indiatimes.com,Male,133.140.230.92
856,Sashenka,McGraw,smcgrawnr@miibeian.gov.cn,Female,158.19.150.65
857,Fidel,Trewin,ftrewinns@unesco.org,Male,107.238.69.28
858,Dorthea,Budik,dbudiknt@google.es,Female,82.110.208.115
859,Dyanne,Corrao,dcorraonu@harvard.edu,Female,117.181.31.144
860,Louie,Simione,lsimionenv@noaa.gov,Male,121.198.124.255
861,Christopher,Deane,cdeanenw@newyorker.com,Male,132.193.191.54
862,Elyn,Portwain,eportwainnx@uol.com.br,Female,21.255.144.212
863,Cordie,Loch,clochny@odnoklassniki.ru,Female,1.166.204.53
864,Alphonso,Beddall,abeddallnz@state.tx.us,Male,162.151.235.94
865,Agatha,Horley,ahorleyo0@statcounter.com,Female,161.26.254.152
866,Viole,Munslow,vmunslowo1@dot.gov,Female,206.11.108.53
867,Cletus,Stollwerk,cstollwerko2@adobe.com,Male,67.169.1.235
868,Ree,Found,rfoundo3@deliciousdays.com,Female,113.103.250.172
869,Joelynn,Axtell,jaxtello4@accuweather.com,Female,148.76.135.23
870,Kaylil,O'Quin,koquino5@wikispaces.com,Female,160.194.64.40
871,Elsbeth,Hamberstone,ehamberstoneo6@youku.com,Female,52.48.202.231
872,Mikol,Borgars,mborgarso7@booking.com,Male,100.25.38.114
873,Kerr,Fearns,kfearnso8@apple.com,Male,217.133.1.240
874,Rickie,Isaak,risaako9@forbes.com,Male,170.243.72.143
875,Currey,Kiraly,ckiralyoa@ebay.co.uk,Male,160.237.124.71
876,Brewer,Gatehouse,bgatehouseob@vk.com,Male,49.2.15.218
877,Lara,Ballister,lballisteroc@pinterest.com,Female,116.33.39.201
878,Aggi,Wilcher,awilcherod@shop-pro.jp,Female,212.85.128.66
879,Thaddeus,Pibsworth,tpibsworthoe@discuz.net,Male,0.183.142.48
880,Murdoch,Jollye,mjollyeof@google.com.hk,Male,169.157.164.124
881,Alexis,Spawell,aspawellog@comsenz.com,Male,25.68.69.173
882,Erica,Couling,ecoulingoh@ning.com,Female,167.225.211.176
883,Liv,Bulloch,lbullochoi@unesco.org,Female,157.10.81.88
884,Camellia,McClifferty,cmccliffertyoj@discovery.com,Female,152.42.46.143
885,Alair,Baugham,abaughamok@vimeo.com,Male,195.233.205.209
886,Ronald,Hillyatt,rhillyattol@state.gov,Male,129.187.135.5
887,Skippy,Emmott,semmottom@liveinternet.ru,Male,79.164.32.111
888,Alvy,Aimer,aaimeron@myspace.com,Male,254.7.216.214
889,Onfroi,Oolahan,ooolahanoo@ehow.com,Male,32.105.107.26
890,Derk,Medforth,dmedforthop@ucla.edu,Male,11.234.74.39
891,Karine,Bosward,kboswardoq@ft.com,Female,120.252.113.236
892,Nickie,Boxe,nboxeor@pagesperso-orange.fr,Female,107.212.140.5
893,Dayna,Bru,dbruos@wikimedia.org,Female,87.216.154.108
894,Randall,Daynter,rdaynterot@scribd.com,Male,95.72.31.144
895,Marissa,Ashmole,mashmoleou@ucoz.com,Female,78.10.10.129
896,Carol,Hiley,chileyov@ucoz.com,Female,128.89.68.231
897,Morse,Ferrandez,mferrandezow@engadget.com,Male,149.234.108.58
898,Corbet,Harbin,charbinox@nature.com,Male,109.61.56.6
899,Blondy,Culbert,bculbertoy@globo.com,Female,218.179.98.233
900,Anatol,Dowears,adowearsoz@exblog.jp,Male,197.134.159.136
901,Kristi,Covolini,kcovolinip0@fastcompany.com,Female,14.240.176.234
902,Tracie,Brennan,tbrennanp1@taobao.com,Female,183.11.249.3
903,Winfield,Corps,wcorpsp2@upenn.edu,Male,34.108.24.208
904,Adoree,Bisson,abissonp3@nyu.edu,Female,86.98.243.145
905,Hercules,Bohje,hbohjep4@yahoo.com,Male,254.245.147.151
906,Jaymee,Portal,jportalp5@163.com,Female,195.232.45.90
907,Glen,Sambells,gsambellsp6@topsy.com,Male,63.128.255.64
908,Diarmid,Cassell,dcassellp7@barnesandnoble.com,Male,218.237.133.154
909,Afton,Magnay,amagnayp8@g.co,Female,42.115.137.5
910,Jaquith,Hawkyens,jhawkyensp9@gnu.org,Female,66.53.77.29
911,Morse,Koomar,mkoomarpa@jigsy.com,Male,30.227.165.33
912,Ellerey,Doggrell,edoggrellpb@newyorker.com,Male,160.55.234.217
913,Karney,Saffill,ksaffillpc@goodreads.com,Male,179.186.166.215
914,Guillema,Roome,groomepd@economist.com,Female,8.117.5.113
915,Denis,Sare,dsarepe@aboutads.info,Male,120.208.210.3
916,Ermentrude,Clavey,eclaveypf@usgs.gov,Female,4.191.241.178
917,Gideon,Lindenman,glindenmanpg@wordpress.com,Male,137.230.44.97
918,Dimitry,Beviss,dbevissph@opera.com,Male,16.49.121.240
919,Emory,Dhillon,edhillonpi@meetup.com,Male,211.152.145.2
920,Konstance,Laise,klaisepj@blogtalkradio.com,Female,241.151.11.183
921,Tobie,Guilloud,tguilloudpk@ovh.net,Male,142.115.74.65
922,Rafe,Evensden,revensdenpl@unesco.org,Male,80.159.168.163
923,Herbie,Windrus,hwindruspm@fotki.com,Male,177.221.23.49
924,Nikos,Muir,nmuirpn@vistaprint.com,Male,227.159.135.73
925,Sterling,Clark,sclarkpo@bbb.org,Male,55.16.17.161
926,Edouard,Horlick,ehorlickpp@sun.com,Male,87.167.51.12
927,Tommie,Coppock.,tcoppockpq@independent.co.uk,Male,50.169.151.46
928,Amye,Luckwell,aluckwellpr@mysql.com,Female,189.107.103.253
929,Annora,Urling,aurlingps@webeden.co.uk,Female,2.250.69.245
930,Babara,Upshall,bupshallpt@arizona.edu,Female,139.24.223.23
931,Winny,Johnes,wjohnespu@google.de,Male,118.58.11.11
932,Miner,Dawidsohn,mdawidsohnpv@psu.edu,Male,11.137.130.57
933,Philip,Matteo,pmatteopw@xinhuanet.com,Male,2.77.18.143
934,Marjie,Hatfull,mhatfullpx@time.com,Female,172.8.48.134
935,Calhoun,Scad,cscadpy@yellowpages.com,Male,209.225.119.229
936,Mellicent,Prantoni,mprantonipz@howstuffworks.com,Female,68.145.96.180
937,Car,Scotford,cscotfordq0@berkeley.edu,Male,246.129.76.90
938,Minnnie,Burrows,mburrowsq1@last.fm,Female,99.48.187.255
939,Wyatan,Hoggan,whogganq2@bbb.org,Male,239.63.122.32
940,Chryste,Pods,cpodsq3@rakuten.co.jp,Female,112.254.191.146
941,Raf,Chapelhow,rchapelhowq4@toplist.cz,Female,66.253.103.77
942,Sandro,Corriea,scorrieaq5@wikia.com,Male,122.187.93.242
943,Lesli,Creane,lcreaneq6@1und1.de,Female,117.206.187.57
944,Egor,Western,ewesternq7@barnesandnoble.com,Male,222.113.188.15
945,Rufus,Chew,rchewq8@usnews.com,Male,215.137.192.145
946,Kittie,Pollie,kpollieq9@free.fr,Female,184.80.250.168
947,Jo-ann,Boness,jbonessqa@dyndns.org,Female,128.115.240.1
948,Damien,Klaes,dklaesqb@wiley.com,Male,189.101.199.89
949,Holly-anne,Norris,hnorrisqc@godaddy.com,Female,136.78.109.63
950,Lurlene,Marrian,lmarrianqd@ftc.gov,Female,17.139.245.232
951,Buddy,Willmont,bwillmontqe@free.fr,Male,10.40.168.129
952,Alaster,Tune,atuneqf@skype.com,Male,141.250.155.135
953,Salomone,Jorio,sjorioqg@phpbb.com,Male,200.27.150.202
954,Karim,Colls,kcollsqh@seattletimes.com,Male,159.101.36.83
955,Pia,Bresnahan,pbresnahanqi@adobe.com,Female,162.95.197.65
956,Smitty,Aiken,saikenqj@statcounter.com,Male,52.212.59.61
957,Gael,McMychem,gmcmychemqk@furl.net,Male,36.96.116.114
958,Terence,Baylay,tbaylayql@yellowbook.com,Male,150.197.239.65
959,Benedicta,Renshell,brenshellqm@gov.uk,Female,96.156.102.17
960,Ursola,Valentim,uvalentimqn@addtoany.com,Female,191.154.143.35
961,Sydney,Signorelli,ssignorelliqo@wsj.com,Female,92.63.64.215
962,Ashil,Bourgaize,abourgaizeqp@yahoo.com,Female,48.155.153.130
963,Zoe,Pleasants,zpleasantsqq@house.gov,Female,44.185.214.163
964,Tybalt,Savatier,tsavatierqr@istockphoto.com,Male,90.248.249.125
965,Tallia,Islip,tislipqs@chronoengine.com,Female,246.136.32.187
966,Roselin,Borrett,rborrettqt@behance.net,Female,53.217.117.23
967,Hagan,Andri,handriqu@macromedia.com,Male,67.48.56.191
968,Rozalin,Valentim,rvalentimqv@google.com,Female,144.253.243.192
969,Trever,Dane,tdaneqw@bluehost.com,Male,80.160.60.190
970,Kaycee,Saing,ksaingqx@unblog.fr,Female,50.123.141.236
971,Joelly,Springer,jspringerqy@youtube.com,Female,58.226.7.156
972,Nicolina,Gunner,ngunnerqz@cargocollective.com,Female,91.56.145.27
973,Gaston,Chataignier,gchataignierr0@gravatar.com,Male,46.137.183.167
974,Brad,Hillock,bhillockr1@ucoz.com,Male,29.172.205.148
975,Keir,Krochmann,kkrochmannr2@bigcartel.com,Male,224.75.218.18
976,Auberon,Heppner,aheppnerr3@cdc.gov,Male,54.187.103.163
977,Nertie,Caspell,ncaspellr4@hao123.com,Female,90.154.150.64
978,Brennan,Oughton,boughtonr5@mashable.com,Male,27.166.120.155
979,Burgess,Davey,bdaveyr6@nhs.uk,Male,42.184.158.196
980,Marijn,Merrikin,mmerrikinr7@miitbeian.gov.cn,Male,71.72.118.174
981,Maryjo,Wein,mweinr8@webnode.com,Female,241.70.96.104
982,Danica,Molian,dmolianr9@scribd.com,Female,106.78.71.255
983,Corrie,Rivett,crivettra@facebook.com,Male,84.107.181.161
984,Delaney,Baurerich,dbaurerichrb@bloomberg.com,Male,224.148.151.15
985,Kermit,Vuitte,kvuitterc@wordpress.org,Male,91.190.86.212
986,Roxana,Gillbard,rgillbardrd@baidu.com,Female,2.209.34.182
987,Fleur,Ingolotti,fingolottire@fastcompany.com,Female,109.225.31.237
988,Pammie,Ertelt,perteltrf@ning.com,Female,135.12.110.197
989,Gram,Toulson,gtoulsonrg@smugmug.com,Male,27.209.194.62
990,Averell,Moffett,amoffettrh@blogs.com,Male,226.219.181.9
991,Thorndike,Haskey,thaskeyri@amazon.com,Male,5.136.233.211
992,Jaquenette,Hemphrey,jhemphreyrj@nps.gov,Female,83.199.2.182
993,Jacynth,Biffen,jbiffenrk@cyberchimps.com,Female,26.51.103.71
994,Ulberto,Cobain,ucobainrl@bbb.org,Male,42.141.119.207
995,Corinna,Lideard,clideardrm@cafepress.com,Female,99.106.140.26
996,Miguelita,Biesty,mbiestyrn@technorati.com,Female,102.134.252.49
997,Dar,Tansill,dtansillro@ox.ac.uk,Male,76.225.78.59
998,Bendick,Ramet,brametrp@walmart.com,Male,15.214.91.236
999,Estelle,O'Grogane,eogroganerq@fotki.com,Female,21.5.193.101
1000,Parke,Elmhirst,pelmhirstrr@senate.gov,Male,184.147.216.169